1,lmilborno,whutchinges0@reddit.com,Pirate's Plunder,BUENO
2,ycattlemull1,rfetters1@over-blog.com,Fortress Siege,MALILLO
3,dhousley2,fbliven2@loc.gov,Mystic Quest,NORMAL
4,dbrotheridge3,dcordelette3@who.int,Pirate's Plunder,DIOS
5,vpicard4,kquadling4@unblog.fr,Pirate's Plunder,REGULAR
6,cbrisker5,akilgrew5@slideshare.net,Galactic Conquest,BUENO
7,enicholas6,shartigan6@google.fr,Space Odyssey,DIOS
8,farkill7,mmcffaden7@whitehouse.gov,Space Odyssey,DIOS
9,hstlouis8,emassen8@furl.net,Galactic Conquest,NORMAL
10,jeverson9,dslad9@ebay.co.uk,Alien Invasion,DIOS
11,sofinana,igabottia@fotki.com,Alien Invasion,PAQUETE
12,vmartinollib,sfurleyb@engadget.com,Fortress Siege,MÁQUINA
13,tfuncheonc,tsallansc@eventbrite.com,Alien Invasion,BUENO
14,rtoweyd,rdomicod@acquirethisname.com,Galactic Conquest,REGULAR
15,cmellye,dwheldone@google.ru,Wild West Shootout,REGULAR
16,amatevushevf,cwoltersf@wunderground.com,Pirate's Plunder,REGULAR
17,hslowlyg,klittg@naver.com,Cybernetic Warfare,MÁQUINA
18,jbohikeh,skinvanh@umich.edu,Medieval Mayhem,MALILLO
19,smacairti,lferraroni@icq.com,Space Odyssey,DIOS
20,tcumpstyj,atinmouthj@moonfruit.com,Mystic Quest,NORMAL
21,fcallowayk,gbelisonk@fastcompany.com,Fortress Siege,DIOS
22,wduchennel,cchipmanl@barnesandnoble.com,Pirate's Plunder,BUENO
23,msenescallm,ddulieum@accuweather.com,Alien Invasion,DIOS
24,kyorstonn,ttemplmann@163.com,Medieval Mayhem,MALILLO
25,cwinketto,mbulliero@barnesandnoble.com,Cybernetic Warfare,DIOS
26,gsowrayp,fcallejap@smugmug.com,Cybernetic Warfare,PAQUETE
27,pwroathq,kmaccostyq@google.es,Wild West Shootout,MÁQUINA
28,ckembryr,lcherryholmer@amazon.co.uk,Galactic Conquest,DIOS
29,kmuffitts,rdibbles@china.com.cn,Medieval Mayhem,PAQUETE
30,hpreshawt,lsanbrooket@samsung.com,Wild West Shootout,NORMAL
31,rnussgenu,tgutowskiu@nasa.gov,Mystic Quest,REGULAR
32,fruseworthv,gborgesv@yelp.com,Alien Invasion,PAQUETE
33,hdunsterw,laspenlonw@ehow.com,Galactic Conquest,MALILLO
34,hscrivenerx,hmatiewex@washington.edu,Alien Invasion,MÁQUINA
35,ssherriny,kdisdely@blog.com,Fortress Siege,PAQUETE
36,rcatlinz,clecordierz@photobucket.com,Space Odyssey,PAQUETE
37,igheraldi10,peveriss10@google.pl,Fortress Siege,NORMAL
38,kstoakley11,coselton11@bluehost.com,Medieval Mayhem,REGULAR
39,csedman12,rdearnaley12@webnode.com,Alien Invasion,NORMAL
40,kpeltz13,cstudde13@reuters.com,Space Odyssey,BUENO
41,cdelieu14,emeddows14@sohu.com,Mystic Quest,MALILLO
42,mguesford15,owoollaston15@bravesites.com,Dragon's Lair,PAQUETE
43,isander16,dcopeman16@yellowpages.com,Galactic Conquest,REGULAR
44,aloy17,jvlasyev17@dedecms.com,Galactic Conquest,NORMAL
45,lrief18,ndriffill18@eventbrite.com,Galactic Conquest,DIOS
46,gcommings19,dbaudrey19@etsy.com,Fortress Siege,REGULAR
47,lsarle1a,vbrugger1a@epa.gov,Cybernetic Warfare,MÁQUINA
48,gbinfield1b,jardling1b@miibeian.gov.cn,Space Odyssey,MÁQUINA
49,dcathery1c,jbeynke1c@mysql.com,Fortress Siege,MÁQUINA
50,dbuye1d,cguichard1d@hugedomains.com,Mystic Quest,MÁQUINA
51,cplesing1e,aclementel1e@gov.uk,Space Odyssey,DIOS
52,lgeelan1f,mfarherty1f@cpanel.net,Cybernetic Warfare,NORMAL
53,aelcy1g,ftarren1g@mapy.cz,Space Odyssey,MÁQUINA
54,jcroad1h,lopenshaw1h@guardian.co.uk,Wild West Shootout,BUENO
55,celiesco1i,ahalworth1i@feedburner.com,Wild West Shootout,PAQUETE
56,egamblin1j,aesplin1j@live.com,Wild West Shootout,PAQUETE
57,mliebrecht1k,mandrejs1k@woothemes.com,Cybernetic Warfare,MALILLO
58,asinkinson1l,fsperwell1l@github.com,Dragon's Lair,MALILLO
59,mmatyukon1m,tzettler1m@google.fr,Fortress Siege,MALILLO
60,cchanning1n,tvasilischev1n@posterous.com,Alien Invasion,NORMAL
61,jeannetta1o,cfesby1o@themeforest.net,Pirate's Plunder,PAQUETE
62,bhayter1p,lvern1p@1688.com,Cybernetic Warfare,MÁQUINA
63,gthurling1q,ggoldup1q@accuweather.com,Dragon's Lair,PAQUETE
64,pwaldron1r,ssparks1r@lycos.com,Fortress Siege,REGULAR
65,staffee1s,cbricham1s@economist.com,Galactic Conquest,NORMAL
66,mkeiley1t,rlearoyde1t@opensource.org,Mystic Quest,REGULAR
67,pallbon1u,gabbie1u@patch.com,Wild West Shootout,DIOS
68,ablakely1v,bsawney1v@tuttocitta.it,Space Odyssey,DIOS
69,hduthy1w,jvautier1w@github.com,Alien Invasion,MALILLO
70,snannini1x,hbealing1x@forbes.com,Dragon's Lair,MALILLO
71,stomlin1y,nmurrison1y@over-blog.com,Mystic Quest,MALILLO
72,etrevan1z,dderycot1z@microsoft.com,Alien Invasion,BUENO
73,lfutcher20,fgero20@squidoo.com,Medieval Mayhem,BUENO
74,cscrogges21,eallden21@constantcontact.com,Fortress Siege,MÁQUINA
75,bsanpher22,amackeever22@cisco.com,Wild West Shootout,PAQUETE
76,akidner23,eedison23@joomla.org,Alien Invasion,BUENO
77,cparkin24,mkulis24@imageshack.us,Medieval Mayhem,MALILLO
78,hpleass25,eganforth25@pbs.org,Medieval Mayhem,MALILLO
79,mpankettman26,bgingel26@biglobe.ne.jp,Mystic Quest,REGULAR
80,bpittem27,vkilvington27@aboutads.info,Wild West Shootout,NORMAL
81,cdefew28,tsoldner28@oracle.com,Space Odyssey,REGULAR
82,ramps29,npiell29@cornell.edu,Wild West Shootout,REGULAR
83,eharvatt2a,msutherel2a@stumbleupon.com,Mystic Quest,MALILLO
84,hmassard2b,bdrysdell2b@accuweather.com,Galactic Conquest,NORMAL
85,pjirusek2c,wfalla2c@huffingtonpost.com,Cybernetic Warfare,PAQUETE
86,dboatwright2d,gyurmanovev2d@domainmarket.com,Pirate's Plunder,MÁQUINA
87,gmcilvenny2e,cdelany2e@google.com.au,Mystic Quest,BUENO
88,glovelock2f,dbankes2f@sciencedaily.com,Pirate's Plunder,DIOS
89,fwimms2g,edovidaitis2g@digg.com,Alien Invasion,REGULAR
90,mdeeney2h,thartman2h@shareasale.com,Wild West Shootout,MALILLO
91,rashingden2i,amynett2i@cbslocal.com,Cybernetic Warfare,REGULAR
92,dcrabbe2j,sladlow2j@weather.com,Mystic Quest,MÁQUINA
93,kshovelin2k,akemwall2k@oracle.com,Pirate's Plunder,PAQUETE
94,rbather2l,fflory2l@wp.com,Galactic Conquest,REGULAR
95,mroskeilly2m,tmartugin2m@sina.com.cn,Pirate's Plunder,BUENO
96,rgarrison2n,dstredwick2n@purevolume.com,Mystic Quest,DIOS
97,lchalloner2o,atapley2o@ning.com,Wild West Shootout,PAQUETE
98,uwulfinger2p,sdench2p@tripod.com,Medieval Mayhem,DIOS
99,twaplinton2q,lheining2q@adobe.com,Space Odyssey,REGULAR
100,hcartmale2r,ssailor2r@domainmarket.com,Space Odyssey,REGULAR
101,lwillder2s,apainten2s@google.it,Fortress Siege,REGULAR
102,eedelheit2t,cchetwin2t@fema.gov,Dragon's Lair,NORMAL
103,kyelyashev2u,scappineer2u@umn.edu,Medieval Mayhem,NORMAL
104,twimpenny2v,omaps2v@unc.edu,Fortress Siege,DIOS
105,bbracci2w,scahn2w@163.com,Dragon's Lair,REGULAR
106,tsjostrom2x,bmatzel2x@joomla.org,Alien Invasion,NORMAL
107,ajoliffe2y,woakwood2y@wikimedia.org,Fortress Siege,MALILLO
108,mkunert2z,opelman2z@timesonline.co.uk,Cybernetic Warfare,MÁQUINA
109,cbrissard30,lstillman30@apple.com,Space Odyssey,BUENO
110,escotchbourouge31,csayse31@google.nl,Cybernetic Warfare,MÁQUINA
111,rnovill32,ksanter32@unicef.org,Cybernetic Warfare,BUENO
112,zbrise33,schicco33@jalbum.net,Mystic Quest,PAQUETE
113,tstapele34,melmhurst34@buzzfeed.com,Dragon's Lair,BUENO
114,ekas35,aspringford35@cyberchimps.com,Mystic Quest,MALILLO
115,bsorey36,rumpleby36@gravatar.com,Pirate's Plunder,MÁQUINA
116,dohone37,pkillingbeck37@xinhuanet.com,Fortress Siege,MÁQUINA
117,ewestfrimley38,awillmot38@tripod.com,Pirate's Plunder,REGULAR
118,sgoare39,hallberry39@plala.or.jp,Cybernetic Warfare,REGULAR
119,rstannett3a,tparrin3a@tinyurl.com,Pirate's Plunder,PAQUETE
120,mbannon3b,cblinckhorne3b@dion.ne.jp,Medieval Mayhem,NORMAL
121,adowdam3c,amcettrick3c@cbsnews.com,Galactic Conquest,REGULAR
122,jbosanko3d,msinderson3d@patch.com,Cybernetic Warfare,PAQUETE
123,dspon3e,bflegg3e@rediff.com,Pirate's Plunder,MÁQUINA
124,gortler3f,abonhill3f@lycos.com,Medieval Mayhem,NORMAL
125,kleythley3g,pastridge3g@seattletimes.com,Galactic Conquest,BUENO
126,vtinghill3h,dbrunsden3h@furl.net,Pirate's Plunder,NORMAL
127,pscullion3i,lstilwell3i@whitehouse.gov,Mystic Quest,NORMAL
128,bharmar3j,tdurdy3j@jimdo.com,Pirate's Plunder,MÁQUINA
129,hchannon3k,awestby3k@biglobe.ne.jp,Fortress Siege,BUENO
130,lhedge3l,eblomfield3l@ted.com,Cybernetic Warfare,NORMAL
131,tbeals3m,blukehurst3m@amazonaws.com,Galactic Conquest,PAQUETE
132,fcreggan3n,soldred3n@github.io,Dragon's Lair,MÁQUINA
133,pjeavons3o,fandrivot3o@shareasale.com,Medieval Mayhem,REGULAR
134,rsanton3p,ehalson3p@dailymotion.com,Wild West Shootout,BUENO
135,lcleeton3q,gegell3q@nbcnews.com,Alien Invasion,NORMAL
136,gcrumpton3r,rdevaney3r@g.co,Alien Invasion,NORMAL
137,byushkin3s,lmacauley3s@nih.gov,Alien Invasion,REGULAR
138,ktimmes3t,bakerman3t@cpanel.net,Wild West Shootout,DIOS
139,ltabbernor3u,klaurie3u@baidu.com,Galactic Conquest,DIOS
140,aferrucci3v,fmaslen3v@businesswire.com,Wild West Shootout,PAQUETE
141,zhurring3w,pbathersby3w@lycos.com,Pirate's Plunder,MALILLO
142,jmateus3x,cwoodward3x@e-recht24.de,Medieval Mayhem,PAQUETE
143,jsamwell3y,fholtom3y@deviantart.com,Mystic Quest,NORMAL
144,rstubbert3z,tcapstick3z@naver.com,Alien Invasion,REGULAR
145,tcommander40,mpirouet40@nba.com,Cybernetic Warfare,PAQUETE
146,vburgise41,hmcffaden41@joomla.org,Galactic Conquest,DIOS
147,bspurden42,tgrenfell42@istockphoto.com,Pirate's Plunder,PAQUETE
148,jdebischop43,rellum43@hubpages.com,Dragon's Lair,REGULAR
149,sschirok44,boshiel44@jugem.jp,Alien Invasion,MALILLO
150,rgillie45,amaccaughey45@bing.com,Wild West Shootout,DIOS
151,akingstne46,aourry46@51.la,Cybernetic Warfare,NORMAL
152,jhammon47,rverriour47@virginia.edu,Medieval Mayhem,MALILLO
153,acuesta48,mcrangle48@earthlink.net,Dragon's Lair,NORMAL
154,ecorstorphine49,sgarman49@vkontakte.ru,Pirate's Plunder,PAQUETE
155,dbront4a,marbuckle4a@ezinearticles.com,Mystic Quest,REGULAR
156,dmerrgen4b,dperet4b@guardian.co.uk,Space Odyssey,REGULAR
157,mnewall4c,tboards4c@etsy.com,Cybernetic Warfare,BUENO
158,mperks4d,fbatey4d@bing.com,Medieval Mayhem,PAQUETE
159,ddavidy4e,dsmooth4e@vinaora.com,Fortress Siege,DIOS
160,meborall4f,drizzo4f@meetup.com,Galactic Conquest,NORMAL
161,slithgow4g,wferrandez4g@friendfeed.com,Pirate's Plunder,DIOS
162,cdronsfield4h,agarstang4h@cdc.gov,Medieval Mayhem,DIOS
163,cstrode4i,rvamplers4i@weebly.com,Dragon's Lair,DIOS
164,bmcterry4j,wclipson4j@soundcloud.com,Alien Invasion,MÁQUINA
165,vshakesby4k,rdeer4k@hubpages.com,Medieval Mayhem,DIOS
166,dimpey4l,wdarell4l@example.com,Mystic Quest,PAQUETE
167,yvause4m,mrolance4m@ihg.com,Pirate's Plunder,MALILLO
168,cblunt4n,ttomaino4n@umn.edu,Medieval Mayhem,MALILLO
169,rgummie4o,efairlamb4o@google.nl,Fortress Siege,REGULAR
170,qpaynter4p,btitchen4p@foxnews.com,Mystic Quest,MALILLO
171,cbohman4q,mwollaston4q@shop-pro.jp,Fortress Siege,NORMAL
172,amccrie4r,ddungate4r@npr.org,Pirate's Plunder,MÁQUINA
173,achetwin4s,ecianni4s@smugmug.com,Mystic Quest,DIOS
174,jnajera4t,cjenne4t@hc360.com,Wild West Shootout,REGULAR
175,vhansford4u,cpiscotti4u@i2i.jp,Fortress Siege,NORMAL
176,cdawby4v,dnolot4v@nba.com,Alien Invasion,DIOS
177,fhanes4w,mjanaszewski4w@eepurl.com,Wild West Shootout,BUENO
178,htomeo4x,tcallard4x@dell.com,Cybernetic Warfare,PAQUETE
179,atreslove4y,mpage4y@businesswire.com,Mystic Quest,DIOS
180,fbortolini4z,msoppit4z@i2i.jp,Space Odyssey,PAQUETE
181,kweildish50,kattersoll50@imageshack.us,Galactic Conquest,BUENO
182,jray51,dpinkerton51@plala.or.jp,Cybernetic Warfare,DIOS
183,mwayon52,egiovannini52@xing.com,Cybernetic Warfare,DIOS
184,dmcginnis53,rtemporal53@washington.edu,Dragon's Lair,PAQUETE
185,tcastellani54,grulton54@scientificamerican.com,Mystic Quest,REGULAR
186,wgrigoroni55,rborgbartolo55@cornell.edu,Pirate's Plunder,REGULAR
187,mwickliffe56,erhelton56@foxnews.com,Space Odyssey,NORMAL
188,lrosenbaum57,rmcilroy57@sourceforge.net,Wild West Shootout,BUENO
189,bmcelvine58,eapdell58@uol.com.br,Cybernetic Warfare,DIOS
190,ncicchinelli59,caskham59@bluehost.com,Mystic Quest,BUENO
191,nmarham5a,sgennrich5a@bbb.org,Mystic Quest,REGULAR
192,pstrange5b,hhuzzey5b@blog.com,Pirate's Plunder,MÁQUINA
193,meversfield5c,kpyner5c@ehow.com,Alien Invasion,BUENO
194,ymaccaffrey5d,dfrancey5d@google.de,Cybernetic Warfare,MALILLO
195,pginie5e,wdollen5e@mayoclinic.com,Pirate's Plunder,REGULAR
196,rbazelle5f,tgreest5f@facebook.com,Fortress Siege,MÁQUINA
197,cdymick5g,pneilson5g@utexas.edu,Cybernetic Warfare,REGULAR
198,rparminter5h,ebulfoot5h@i2i.jp,Pirate's Plunder,MALILLO
199,smaffetti5i,etinmouth5i@friendfeed.com,Cybernetic Warfare,REGULAR
200,jmcwhinnie5j,tdrife5j@rambler.ru,Wild West Shootout,DIOS
201,qberridge5k,cdalziel5k@mysql.com,Galactic Conquest,DIOS
202,gsisse5l,kradke5l@bloglines.com,Galactic Conquest,PAQUETE
203,scolerick5m,kkennerknecht5m@reddit.com,Dragon's Lair,MALILLO
204,dknevett5n,mineson5n@zdnet.com,Fortress Siege,BUENO
205,jknevett5o,tgarland5o@vinaora.com,Medieval Mayhem,BUENO
206,klawles5p,eduquesnay5p@umich.edu,Galactic Conquest,MÁQUINA
207,ohargey5q,sfrudd5q@berkeley.edu,Alien Invasion,NORMAL
208,akensley5r,kszimoni5r@cisco.com,Fortress Siege,PAQUETE
209,ghanlin5s,tnorthall5s@nhs.uk,Fortress Siege,MÁQUINA
210,sjedrzejkiewicz5t,jruler5t@alibaba.com,Space Odyssey,REGULAR
211,thurle5u,bdami5u@parallels.com,Pirate's Plunder,PAQUETE
212,rdurnford5v,avancassel5v@washingtonpost.com,Galactic Conquest,REGULAR
213,oyonge5w,mtolfrey5w@prnewswire.com,Fortress Siege,REGULAR
214,gdamarell5x,lrunge5x@prnewswire.com,Space Odyssey,BUENO
215,mthomazin5y,bpriestley5y@reddit.com,Pirate's Plunder,MÁQUINA
216,dshorey5z,kcock5z@cafepress.com,Fortress Siege,BUENO
217,tkinsett60,wgehrts60@i2i.jp,Dragon's Lair,NORMAL
218,mchadwin61,mboorne61@ehow.com,Alien Invasion,BUENO
219,ewilshere62,laitken62@free.fr,Wild West Shootout,BUENO
220,khamblin63,fprestner63@shinystat.com,Pirate's Plunder,PAQUETE
221,cchaplain64,kscatcher64@theglobeandmail.com,Alien Invasion,BUENO
222,sderby65,khollyar65@sourceforge.net,Wild West Shootout,PAQUETE
223,jfarfoot66,dgartrell66@thetimes.co.uk,Galactic Conquest,MÁQUINA
224,sphilpin67,lchantillon67@twitter.com,Pirate's Plunder,REGULAR
225,jarsmith68,cbernardini68@jalbum.net,Alien Invasion,MÁQUINA
226,ahatherall69,rruddock69@friendfeed.com,Dragon's Lair,PAQUETE
227,tkemetz6a,jcaulwell6a@unesco.org,Medieval Mayhem,MALILLO
228,fcrippell6b,pdickings6b@skyrock.com,Space Odyssey,REGULAR
229,clouche6c,rgridley6c@discuz.net,Alien Invasion,MALILLO
230,kanthoin6d,mmcniven6d@state.tx.us,Space Odyssey,NORMAL
231,hboog6e,ccarwardine6e@cloudflare.com,Mystic Quest,REGULAR
232,gclaxton6f,jdeniscke6f@phpbb.com,Space Odyssey,PAQUETE
233,bwallbrook6g,clambillion6g@123-reg.co.uk,Space Odyssey,MÁQUINA
234,mreubel6h,rmaffiotti6h@weibo.com,Galactic Conquest,NORMAL
235,fboorer6i,cmintoft6i@angelfire.com,Fortress Siege,MALILLO
236,aspight6j,ebrookshaw6j@amazon.de,Fortress Siege,PAQUETE
237,grapkins6k,nlangford6k@odnoklassniki.ru,Fortress Siege,MALILLO
238,dscarce6l,rhenze6l@discovery.com,Wild West Shootout,PAQUETE
239,jklulik6m,bsuarez6m@mozilla.org,Galactic Conquest,DIOS
240,coakenford6n,ihutson6n@reddit.com,Mystic Quest,PAQUETE
241,lhearmon6o,greisen6o@facebook.com,Fortress Siege,REGULAR
242,bfarnan6p,lpichmann6p@epa.gov,Pirate's Plunder,MÁQUINA
243,bmayhow6q,dwinkless6q@yellowpages.com,Wild West Shootout,DIOS
244,jwilliam6r,ccowderay6r@oracle.com,Wild West Shootout,DIOS
245,rhartfleet6s,lparkhouse6s@nps.gov,Pirate's Plunder,MALILLO
246,sgaine6t,snicholson6t@cloudflare.com,Galactic Conquest,REGULAR
247,pklausen6u,vgladhill6u@tmall.com,Alien Invasion,NORMAL
248,lshropshire6v,bvonoertzen6v@scientificamerican.com,Alien Invasion,BUENO
249,koldman6w,etillett6w@imgur.com,Alien Invasion,REGULAR
250,bfilip6x,nbaack6x@paginegialle.it,Fortress Siege,MÁQUINA
251,gderuel6y,ibrisker6y@github.io,Pirate's Plunder,BUENO
252,jsaunders6z,clamas6z@ask.com,Galactic Conquest,NORMAL
253,kgonin70,wduding70@cornell.edu,Mystic Quest,NORMAL
254,epanton71,tmewes71@ox.ac.uk,Space Odyssey,REGULAR
255,cbreckenridge72,ddavydochkin72@pcworld.com,Alien Invasion,BUENO
256,olunbech73,jduhamel73@google.com,Alien Invasion,NORMAL
257,thertwell74,eclemmow74@lulu.com,Dragon's Lair,NORMAL
258,jalbers75,dcosham75@sciencedirect.com,Dragon's Lair,BUENO
259,bperry76,kgilbride76@i2i.jp,Cybernetic Warfare,MALILLO
260,nainscow77,jlovelady77@360.cn,Mystic Quest,BUENO
261,rkarby78,charefoot78@seesaa.net,Alien Invasion,BUENO
262,kcaris79,gcristoforetti79@cam.ac.uk,Space Odyssey,NORMAL
263,bzelland7a,hragsdale7a@nifty.com,Space Odyssey,DIOS
264,nhanway7b,mblaik7b@theguardian.com,Wild West Shootout,MÁQUINA
265,lstquintin7c,nmomery7c@sina.com.cn,Cybernetic Warfare,MALILLO
266,slillecrop7d,dmcphilemy7d@gmpg.org,Dragon's Lair,NORMAL
267,dsilveston7e,tcrackett7e@g.co,Space Odyssey,NORMAL
268,tjerome7f,jtrownson7f@walmart.com,Galactic Conquest,MÁQUINA
269,aschroder7g,ajanecek7g@vimeo.com,Pirate's Plunder,DIOS
270,lrashleigh7h,mlody7h@princeton.edu,Fortress Siege,DIOS
271,aboustred7i,clefley7i@samsung.com,Mystic Quest,BUENO
272,cescoffier7j,cfegan7j@vistaprint.com,Galactic Conquest,NORMAL
273,rwilliams7k,mbollon7k@prlog.org,Galactic Conquest,REGULAR
274,rjuden7l,cjeanes7l@com.com,Space Odyssey,MÁQUINA
275,arittelmeyer7m,tsullens7m@merriam-webster.com,Wild West Shootout,REGULAR
276,dslaughter7n,dconstant7n@tinyurl.com,Wild West Shootout,DIOS
277,gbrewers7o,gericsson7o@businesswire.com,Cybernetic Warfare,BUENO
278,mkinsley7p,mshaul7p@flickr.com,Cybernetic Warfare,REGULAR
279,kivashkin7q,gdoyley7q@ox.ac.uk,Galactic Conquest,DIOS
280,rpowe7r,jbusher7r@noaa.gov,Alien Invasion,DIOS
281,vfarrimond7s,bespinet7s@sun.com,Mystic Quest,MALILLO
282,dtorn7t,cwooffinden7t@bandcamp.com,Fortress Siege,NORMAL
283,fsondland7u,rmecco7u@angelfire.com,Fortress Siege,PAQUETE
284,jcrowden7v,jluisetti7v@a8.net,Wild West Shootout,NORMAL
285,tscimonelli7w,kcovington7w@yolasite.com,Wild West Shootout,REGULAR
286,bnetley7x,kwaterman7x@ibm.com,Mystic Quest,MÁQUINA
287,acowper7y,glines7y@gov.uk,Wild West Shootout,BUENO
288,akells7z,pwithinshaw7z@dion.ne.jp,Wild West Shootout,MALILLO
289,kkimmins80,jgoscomb80@si.edu,Wild West Shootout,MÁQUINA
290,sblinkhorn81,ckeenlyside81@salon.com,Wild West Shootout,DIOS
291,eteal82,amatuszinski82@parallels.com,Fortress Siege,MALILLO
292,rloch83,deaden83@meetup.com,Cybernetic Warfare,MALILLO
293,cpezey84,ssimunek84@auda.org.au,Fortress Siege,DIOS
294,vmisson85,tguilloud85@amazon.com,Pirate's Plunder,BUENO
295,gberget86,fminchell86@hhs.gov,Space Odyssey,DIOS
296,akeohane87,mferrotti87@pinterest.com,Medieval Mayhem,MÁQUINA
297,vmarconi88,ihess88@sbwire.com,Galactic Conquest,MÁQUINA
298,blanchbery89,egivens89@yahoo.co.jp,Galactic Conquest,REGULAR
299,ekulvear8a,kcrichmer8a@seattletimes.com,Mystic Quest,DIOS
300,dmathonnet8b,kbullant8b@netvibes.com,Pirate's Plunder,PAQUETE
301,mgrimolbie8c,tgutans8c@wunderground.com,Cybernetic Warfare,BUENO
302,csongust8d,fdyball8d@netscape.com,Pirate's Plunder,MALILLO
303,lmccrae8e,lspilsbury8e@nhs.uk,Wild West Shootout,BUENO
304,krennock8f,xfurman8f@histats.com,Mystic Quest,MÁQUINA
305,langus8g,eluchetti8g@hexun.com,Alien Invasion,DIOS
306,ybellworthy8h,lfolli8h@w3.org,Fortress Siege,PAQUETE
307,kwinters8i,fprandini8i@sciencedaily.com,Medieval Mayhem,MALILLO
308,jsanz8j,jnewlan8j@posterous.com,Medieval Mayhem,BUENO
309,hskarman8k,rmacquaker8k@shareasale.com,Wild West Shootout,NORMAL
310,thempel8l,grumke8l@exblog.jp,Galactic Conquest,REGULAR
311,chalburton8m,lrintoul8m@wisc.edu,Alien Invasion,NORMAL
312,mbertenshaw8n,tchriston8n@cam.ac.uk,Mystic Quest,DIOS
313,rtanby8o,wales8o@discovery.com,Cybernetic Warfare,DIOS
314,vgrellier8p,smichin8p@slate.com,Pirate's Plunder,DIOS
315,lleger8q,bwagen8q@jalbum.net,Alien Invasion,MÁQUINA
316,browlings8r,rmarlen8r@ca.gov,Medieval Mayhem,REGULAR
317,lbrosius8s,nsturmey8s@bluehost.com,Medieval Mayhem,BUENO
318,bposnette8t,cdurban8t@geocities.jp,Cybernetic Warfare,PAQUETE
319,lbeiderbecke8u,gmcclenaghan8u@parallels.com,Medieval Mayhem,REGULAR
320,kanton8v,wjoscelyne8v@cpanel.net,Cybernetic Warfare,DIOS
321,rwoodyer8w,tnarramore8w@squidoo.com,Cybernetic Warfare,PAQUETE
322,epaynter8x,reilhersen8x@europa.eu,Galactic Conquest,MÁQUINA
323,sjacquet8y,hhonnicott8y@discovery.com,Galactic Conquest,REGULAR
324,rfawckner8z,bfreshwater8z@blogspot.com,Alien Invasion,DIOS
325,woneill90,eswitsur90@senate.gov,Fortress Siege,PAQUETE
326,lcroucher91,lbelham91@sina.com.cn,Mystic Quest,REGULAR
327,hfigurski92,kbrickwood92@usatoday.com,Alien Invasion,BUENO
328,hharroll93,aburrass93@lycos.com,Medieval Mayhem,MALILLO
329,pdeerr94,tpenny94@biglobe.ne.jp,Fortress Siege,NORMAL
330,lscherer95,mlawrinson95@wunderground.com,Medieval Mayhem,REGULAR
331,bgouthier96,mthoresbie96@cpanel.net,Dragon's Lair,PAQUETE
332,rida97,lpenniell97@tamu.edu,Space Odyssey,REGULAR
333,hgianulli98,rskittreal98@amazonaws.com,Galactic Conquest,MALILLO
334,rdunkerton99,mogrady99@barnesandnoble.com,Galactic Conquest,DIOS
335,bcotty9a,baddinall9a@usgs.gov,Space Odyssey,BUENO
336,slilleyman9b,odimitriou9b@bigcartel.com,Space Odyssey,MALILLO
337,adeddum9c,bkeegan9c@stumbleupon.com,Dragon's Lair,REGULAR
338,fbaddow9d,dheighway9d@slashdot.org,Cybernetic Warfare,MÁQUINA
339,mwestall9e,bdemiranda9e@ftc.gov,Cybernetic Warfare,BUENO
340,atiltman9f,sdenacamp9f@plala.or.jp,Alien Invasion,REGULAR
341,nsloat9g,dbierling9g@reverbnation.com,Mystic Quest,PAQUETE
342,bmenilove9h,ecovey9h@biglobe.ne.jp,Fortress Siege,BUENO
343,jbasterfield9i,apanchen9i@bing.com,Wild West Shootout,NORMAL
344,lcluelow9j,njosilowski9j@xrea.com,Pirate's Plunder,NORMAL
345,aduckham9k,pfotitt9k@mozilla.org,Pirate's Plunder,DIOS
346,hjerson9l,cjerosch9l@wikimedia.org,Fortress Siege,BUENO
347,dboundey9m,jfullard9m@sfgate.com,Alien Invasion,MÁQUINA
348,lhillitt9n,cmanilow9n@elpais.com,Alien Invasion,NORMAL
349,chollingsbee9o,druddom9o@cdbaby.com,Pirate's Plunder,BUENO
350,emcging9p,srumin9p@dailymotion.com,Mystic Quest,MÁQUINA
351,tdibdale9q,bransome9q@squarespace.com,Medieval Mayhem,NORMAL
352,lsilversmid9r,sgauden9r@prnewswire.com,Galactic Conquest,REGULAR
353,wsincock9s,kcolebeck9s@ifeng.com,Fortress Siege,MÁQUINA
354,sburnham9t,htrundell9t@cnet.com,Space Odyssey,MALILLO
355,jstockdale9u,nsullens9u@shutterfly.com,Pirate's Plunder,MÁQUINA
356,aleason9v,sventon9v@altervista.org,Galactic Conquest,BUENO
357,rfrancioli9w,bdumberrill9w@surveymonkey.com,Pirate's Plunder,NORMAL
358,vbalazot9x,jboyington9x@xrea.com,Medieval Mayhem,REGULAR
359,mkeemer9y,cbootell9y@photobucket.com,Mystic Quest,NORMAL
360,cgibbeson9z,nlubman9z@miitbeian.gov.cn,Space Odyssey,NORMAL
361,hreyea0,yhavicka0@wunderground.com,Alien Invasion,MÁQUINA
362,ggrouera1,chunnicutta1@java.com,Space Odyssey,BUENO
363,ablincoa2,egransdena2@blogger.com,Pirate's Plunder,MALILLO
364,jfishlya3,bcaseya3@jigsy.com,Wild West Shootout,MALILLO
365,trehma4,mfrancesa4@tamu.edu,Dragon's Lair,MALILLO
366,hmacronalda5,fcorkea5@flickr.com,Pirate's Plunder,NORMAL
367,djoseya6,clynetta6@cornell.edu,Mystic Quest,BUENO
368,eminersa7,tharrya7@plala.or.jp,Galactic Conquest,REGULAR
369,fcadmana8,churketta8@businesswire.com,Medieval Mayhem,NORMAL
370,nmcreedya9,kvannera9@webmd.com,Space Odyssey,MALILLO
371,sdrewsonaa,ctimbrellaa@amazon.co.jp,Mystic Quest,BUENO
372,jvarrowab,thaynesab@yolasite.com,Fortress Siege,MÁQUINA
373,ltitcumbac,tplaiceac@homestead.com,Medieval Mayhem,REGULAR
374,ccorgenvinad,kbohmanad@digg.com,Alien Invasion,BUENO
375,rmcwatersae,dfeldsteinae@booking.com,Cybernetic Warfare,MALILLO
376,hgibbieaf,mmccorleyaf@furl.net,Pirate's Plunder,MÁQUINA
377,ojouleag,ltwellag@blogspot.com,Fortress Siege,REGULAR
378,aleatherah,jlanghornah@diigo.com,Cybernetic Warfare,MALILLO
379,sforlongeai,lgewerai@toplist.cz,Fortress Siege,MALILLO
380,abraunfeldaj,solifauntaj@washington.edu,Medieval Mayhem,MALILLO
381,mpighillsak,pcecilak@nsw.gov.au,Pirate's Plunder,DIOS
382,rglassardal,sclamptonal@nbcnews.com,Dragon's Lair,PAQUETE
383,jblaxtonam,ksibthorpam@si.edu,Galactic Conquest,DIOS
384,pblaxtonan,strenbeyan@webeden.co.uk,Dragon's Lair,REGULAR
385,ahuffadineao,mpertonao@newyorker.com,Wild West Shootout,BUENO
386,tlilesap,dreadittap@xrea.com,Mystic Quest,REGULAR
387,tcayfordaq,tguerreroaq@psu.edu,Space Odyssey,DIOS
388,zmatkovicar,slinsteadar@businesswire.com,Fortress Siege,BUENO
389,zcorwoodas,kasheras@unblog.fr,Medieval Mayhem,MÁQUINA
390,kgehrelsat,abattertonat@howstuffworks.com,Fortress Siege,REGULAR
391,mcounsellau,hgrissettau@netscape.com,Mystic Quest,MALILLO
392,rdominiav,bryeav@whitehouse.gov,Alien Invasion,PAQUETE
393,clarrieaw,rjoderliaw@printfriendly.com,Pirate's Plunder,MÁQUINA
394,hbayleax,mpfaffax@intel.com,Medieval Mayhem,BUENO
395,tdrohaneay,hrawlynsay@house.gov,Medieval Mayhem,DIOS
396,dbenkheaz,jstanneraz@ca.gov,Alien Invasion,MALILLO
397,jhasseyb0,jaldwichb0@rambler.ru,Alien Invasion,BUENO
398,asaleb1,dvaszolyb1@constantcontact.com,Pirate's Plunder,BUENO
399,alutschb2,ddoolerb2@upenn.edu,Alien Invasion,REGULAR
400,ocaspellb3,kschorahb3@noaa.gov,Alien Invasion,BUENO
401,tharvettb4,cquippb4@eepurl.com,Wild West Shootout,PAQUETE
402,npodburyb5,dhestropb5@1688.com,Pirate's Plunder,MALILLO
403,mnorwichb6,cpawlettb6@addtoany.com,Pirate's Plunder,PAQUETE
404,cwinderb7,gkerridgeb7@weibo.com,Medieval Mayhem,DIOS
405,gdurtnelb8,cgreenstockb8@rambler.ru,Medieval Mayhem,MALILLO
406,tkippieb9,lmarrowb9@gmpg.org,Pirate's Plunder,MÁQUINA
407,ofairfoullba,vgettensba@phpbb.com,Mystic Quest,MALILLO
408,cshonebb,hwalklatebb@psu.edu,Pirate's Plunder,REGULAR
409,cstensonbc,ctackbc@tinypic.com,Fortress Siege,BUENO
410,rransteadbd,lsiviourbd@twitpic.com,Galactic Conquest,MALILLO
411,cdugoodbe,lmillerbe@tiny.cc,Galactic Conquest,DIOS
412,gsloyanbf,bamerbf@imdb.com,Galactic Conquest,MALILLO
413,abalesbg,gsamwysebg@springer.com,Mystic Quest,BUENO
414,sshillingbh,ffedorskibh@nydailynews.com,Galactic Conquest,PAQUETE
415,uspillanebi,tcoronadobi@umich.edu,Dragon's Lair,NORMAL
416,jbatropbj,kfindenbj@telegraph.co.uk,Medieval Mayhem,PAQUETE
417,olabadinibk,cpotteridgebk@clickbank.net,Medieval Mayhem,MALILLO
418,smcdonellbl,edorebl@addthis.com,Space Odyssey,MALILLO
419,wcysonbm,djakubowskibm@irs.gov,Fortress Siege,DIOS
420,anewburnbn,hconrathbn@unblog.fr,Galactic Conquest,NORMAL
421,tguerrierbo,cprettyjohnsbo@dyndns.org,Mystic Quest,NORMAL
422,jchiltonbp,ffawdrybp@theglobeandmail.com,Cybernetic Warfare,DIOS
423,mjugginsbq,wgrindallbq@cornell.edu,Alien Invasion,MALILLO
424,jcolenuttbr,bswendellbr@1und1.de,Mystic Quest,BUENO
425,scurwoodbs,chethronbs@vinaora.com,Fortress Siege,NORMAL
426,tpeyebt,cchartrebt@qq.com,Cybernetic Warfare,DIOS
427,fgentreaubu,sderrybu@nasa.gov,Galactic Conquest,NORMAL
428,nlippingwellbv,jinskippbv@intel.com,Fortress Siege,DIOS
429,lhavickbw,bdearlepalserbw@berkeley.edu,Pirate's Plunder,NORMAL
430,mmeekinbx,dpentinbx@jalbum.net,Fortress Siege,NORMAL
431,ilangmuirby,kelwillby@nifty.com,Medieval Mayhem,MÁQUINA
432,ndonnellybz,kduignanbz@usatoday.com,Mystic Quest,NORMAL
433,lmanolovc0,gvazc0@livejournal.com,Medieval Mayhem,DIOS
434,flanchesterc1,mosemanc1@blog.com,Pirate's Plunder,BUENO
435,fbroadwayc2,rnewberryc2@home.pl,Pirate's Plunder,BUENO
436,vhabbershonc3,cgreenroydc3@smugmug.com,Pirate's Plunder,REGULAR
437,lbloxlandc4,lfeyec4@over-blog.com,Alien Invasion,MALILLO
438,eprogerc5,kmatissec5@patch.com,Cybernetic Warfare,DIOS
439,kmudiec6,mballinghallc6@mysql.com,Mystic Quest,MÁQUINA
440,aemanuelc7,etuppenyc7@dell.com,Space Odyssey,MALILLO
441,nalentyevc8,wbirneyc8@spiegel.de,Space Odyssey,REGULAR
442,jbelfitc9,gdissmanc9@ucla.edu,Galactic Conquest,MÁQUINA
443,traundca,dgillhamca@deliciousdays.com,Mystic Quest,MALILLO
444,kyurasovcb,acarnamancb@ustream.tv,Medieval Mayhem,PAQUETE
445,vtwinbournecc,hcopcottcc@tinyurl.com,Cybernetic Warfare,DIOS
446,ybozwardcd,amcartecd@imageshack.us,Mystic Quest,BUENO
447,hfarguharce,amarquesece@stanford.edu,Fortress Siege,NORMAL
448,bmackaigcf,cingreycf@hibu.com,Fortress Siege,MÁQUINA
449,mlettsomcg,bcockingcg@census.gov,Galactic Conquest,MALILLO
450,pdeaguirrech,sgooleych@unesco.org,Galactic Conquest,MÁQUINA
451,bgawci,zboastci@smh.com.au,Alien Invasion,REGULAR
452,rgarhamcj,eheavenscj@auda.org.au,Space Odyssey,DIOS
453,tkrolikck,bthonasonck@wikimedia.org,Fortress Siege,MÁQUINA
454,rperrellicl,dapscl@state.tx.us,Wild West Shootout,PAQUETE
455,qkunathcm,thuscroftcm@scientificamerican.com,Cybernetic Warfare,PAQUETE
456,mpaylecn,lmauntoncn@oakley.com,Alien Invasion,REGULAR
457,pvaughamco,jpollingtonco@diigo.com,Fortress Siege,REGULAR
458,uhullandcp,jtinkcp@elegantthemes.com,Galactic Conquest,REGULAR
459,ccomollicq,cgleadlecq@jimdo.com,Fortress Siege,MALILLO
460,tsprigincr,ccashamcr@aol.com,Wild West Shootout,MALILLO
461,alindholmcs,jnewvellcs@fda.gov,Space Odyssey,MÁQUINA
462,nkindellct,sbeadhamct@barnesandnoble.com,Space Odyssey,DIOS
463,rcoggellcu,goldknowecu@squarespace.com,Cybernetic Warfare,PAQUETE
464,kroxbycv,cjordesoncv@desdev.cn,Galactic Conquest,NORMAL
465,tolivicw,lswinglehurstcw@ed.gov,Cybernetic Warfare,MÁQUINA
466,dfawderycx,kaartsencx@blogspot.com,Dragon's Lair,PAQUETE
467,cwillimontcy,jcasierocy@va.gov,Medieval Mayhem,PAQUETE
468,mcopnercz,bpetersencz@oakley.com,Dragon's Lair,MÁQUINA
469,hfassbenderd0,tdirandd0@indiatimes.com,Alien Invasion,REGULAR
470,cburkd1,rmichied1@topsy.com,Dragon's Lair,REGULAR
471,mkestled2,jdoed2@weather.com,Space Odyssey,REGULAR
472,gstrangmand3,kinchcombd3@posterous.com,Medieval Mayhem,BUENO
473,caistond4,kdresseld4@ft.com,Galactic Conquest,DIOS
474,vkemsond5,rkubistad5@soundcloud.com,Dragon's Lair,NORMAL
475,glardezd6,ltattertond6@sitemeter.com,Dragon's Lair,BUENO
476,wsalzend7,cdanseyd7@adobe.com,Galactic Conquest,BUENO
477,cschrievesd8,wmanassd8@ebay.com,Cybernetic Warfare,MÁQUINA
478,kcrookd9,kdonatd9@usda.gov,Galactic Conquest,PAQUETE
479,efeldfisherda,yeasenda@soundcloud.com,Fortress Siege,MÁQUINA
480,agrishankovdb,hselldb@xinhuanet.com,Space Odyssey,REGULAR
481,xcurtoisdc,jnizetdc@squarespace.com,Pirate's Plunder,DIOS
482,lgairdnerdd,tpittockdd@elpais.com,Mystic Quest,MALILLO
483,ywittkede,sfarrawayde@reverbnation.com,Mystic Quest,MÁQUINA
484,npoxsondf,acaudwelldf@wikipedia.org,Cybernetic Warfare,NORMAL
485,ldunnetdg,bhulldg@miitbeian.gov.cn,Dragon's Lair,PAQUETE
486,wcuffleydh,mcurlisdh@addthis.com,Mystic Quest,MÁQUINA
487,rbeauchopdi,btorrancedi@cmu.edu,Mystic Quest,MALILLO
488,cmattussevichdj,rkorneichukdj@histats.com,Galactic Conquest,NORMAL
489,wbromeheddk,mrobertetdk@a8.net,Space Odyssey,REGULAR
490,dgilksdl,dautindl@woothemes.com,Pirate's Plunder,MALILLO
491,melfleetdm,vhunndm@tripadvisor.com,Dragon's Lair,BUENO
492,ffideledn,bkoseldn@biglobe.ne.jp,Wild West Shootout,PAQUETE
493,mlacydo,mmcwhirterdo@angelfire.com,Mystic Quest,NORMAL
494,mhekdp,mparmleydp@nationalgeographic.com,Mystic Quest,PAQUETE
495,cbaldcockdq,clambourndq@va.gov,Mystic Quest,MALILLO
496,baxelbeydr,fferrickdr@unesco.org,Pirate's Plunder,DIOS
497,hludwellds,jdarbends@artisteer.com,Alien Invasion,DIOS
498,gbolusdt,sdenecampdt@amazon.de,Cybernetic Warfare,REGULAR
499,bfelthamdu,aklimpdu@army.mil,Medieval Mayhem,BUENO
500,lberisforddv,dmcgranedv@tinypic.com,Medieval Mayhem,MÁQUINA
501,dcreechdw,lpaddledw@jigsy.com,Dragon's Lair,PAQUETE
502,lvandervliesdx,tfawkedx@gnu.org,Space Odyssey,NORMAL
503,slobleydy,bsandondy@wp.com,Pirate's Plunder,DIOS
504,kbyartdz,mhymusdz@mayoclinic.com,Medieval Mayhem,PAQUETE
505,rplettse0,pgostlinge0@smh.com.au,Fortress Siege,BUENO
506,cschultze1,epaine1@ft.com,Wild West Shootout,DIOS
507,cjoselsone2,dstockbridgee2@businessinsider.com,Wild West Shootout,PAQUETE
508,amapese3,gscholese3@time.com,Space Odyssey,NORMAL
509,lsarae4,cdevillee4@noaa.gov,Dragon's Lair,PAQUETE
510,amichee5,dhenworthe5@deviantart.com,Pirate's Plunder,NORMAL
511,wbernardottie6,smathiase6@intel.com,Wild West Shootout,DIOS
512,aroskame7,krumbellowe7@facebook.com,Wild West Shootout,PAQUETE
513,gjoselande8,kcamerelloe8@drupal.org,Mystic Quest,NORMAL
514,lcarratte9,urallingse9@goo.gl,Space Odyssey,MALILLO
515,kgarryea,atorveyea@abc.net.au,Fortress Siege,MÁQUINA
516,ibodyeb,twhitefordeb@over-blog.com,Dragon's Lair,BUENO
517,schallisec,lfollitec@umich.edu,Space Odyssey,MÁQUINA
518,askeelsed,mherleyed@upenn.edu,Mystic Quest,PAQUETE
519,tsiretee,epardalee@live.com,Wild West Shootout,REGULAR
520,kwatkissef,cchittyef@google.nl,Mystic Quest,NORMAL
521,awypereg,bhankeyeg@fastcompany.com,Galactic Conquest,BUENO
522,dbrostereh,dygoeh@google.it,Galactic Conquest,BUENO
523,smcfadeei,ddaryei@odnoklassniki.ru,Alien Invasion,MÁQUINA
524,cfoulgerej,cheakerej@ow.ly,Mystic Quest,MALILLO
525,apottesek,mbancroftek@slideshare.net,Medieval Mayhem,REGULAR
526,tchessel,pdevillierel@quantcast.com,Space Odyssey,REGULAR
527,dgettingsem,vstetsonem@europa.eu,Galactic Conquest,DIOS
528,kedowesen,lhakeyen@mozilla.com,Mystic Quest,NORMAL
529,nmulmurayeo,cheasmaneo@army.mil,Dragon's Lair,DIOS
530,dfairneyep,abennitep@joomla.org,Dragon's Lair,NORMAL
531,mphippardeq,jchaseeq@woothemes.com,Medieval Mayhem,MALILLO
532,jethingtoner,gpotticaryer@tamu.edu,Dragon's Lair,REGULAR
533,wpadrickes,orobroees@sciencedaily.com,Cybernetic Warfare,DIOS
534,jspinaset,mossultonet@yandex.ru,Cybernetic Warfare,REGULAR
535,gfendleneu,groggeroneeu@barnesandnoble.com,Dragon's Lair,PAQUETE
536,dtemplmanev,ggodsellev@comsenz.com,Cybernetic Warfare,MÁQUINA
537,ofeldmannew,adallenderew@opensource.org,Fortress Siege,BUENO
538,mjeggoex,crosekillyex@51.la,Dragon's Lair,PAQUETE
539,gwettoney,ecrannaey@thetimes.co.uk,Alien Invasion,NORMAL
540,tjohnceyez,jlesperez@list-manage.com,Mystic Quest,MALILLO
541,emcianf0,mbeckmannf0@geocities.jp,Space Odyssey,REGULAR
542,croocroftf1,dlosseljongf1@netlog.com,Galactic Conquest,BUENO
543,gmalcherf2,naleksashinf2@marketwatch.com,Fortress Siege,DIOS
544,dwilkissonf3,mbrozekf3@opensource.org,Mystic Quest,DIOS
545,cyoullf4,abrasteadf4@theatlantic.com,Dragon's Lair,MALILLO
546,rlehrlef5,dsummerleyf5@miibeian.gov.cn,Fortress Siege,MALILLO
547,ghartef6,bmuldownief6@sohu.com,Fortress Siege,REGULAR
548,bpeggramf7,fbartolomeonif7@tiny.cc,Dragon's Lair,PAQUETE
549,fdwightf8,lfressonf8@wikipedia.org,Mystic Quest,BUENO
550,tsemperf9,rnormanvellf9@vinaora.com,Fortress Siege,REGULAR
551,coatsfa,rdoerrenfa@is.gd,Alien Invasion,DIOS
552,nhastyfb,elevickfb@guardian.co.uk,Pirate's Plunder,DIOS
553,cbortolozzifc,lgiabuccifc@marketwatch.com,Medieval Mayhem,REGULAR
554,hsummerskillfd,rvickermanfd@sourceforge.net,Mystic Quest,REGULAR
555,wskylettfe,hlamymanfe@foxnews.com,Pirate's Plunder,MALILLO
556,gmaccartanff,asemechikff@wordpress.org,Mystic Quest,DIOS
557,uskottlefg,qclintonfg@nba.com,Cybernetic Warfare,NORMAL
558,tpoldingfh,rcleynefh@g.co,Pirate's Plunder,REGULAR
559,eroycraftfi,fporcherfi@com.com,Medieval Mayhem,MALILLO
560,jcollacombefj,vakriggfj@yale.edu,Galactic Conquest,NORMAL
561,lkealyfk,cjenkynfk@icq.com,Space Odyssey,DIOS
562,phellingfl,cbankesfl@goo.ne.jp,Medieval Mayhem,MÁQUINA
563,tfatherfm,tmaccollomfm@google.es,Galactic Conquest,REGULAR
564,olambinfn,aaikmanfn@telegraph.co.uk,Fortress Siege,NORMAL
565,elowlesfo,aspringfordfo@rambler.ru,Cybernetic Warfare,REGULAR
566,rspraggfp,mjaulmesfp@amazon.com,Alien Invasion,MALILLO
567,lsidnallfq,ehamleyfq@bluehost.com,Galactic Conquest,BUENO
568,tferonfr,rguiderafr@eepurl.com,Pirate's Plunder,NORMAL
569,vdelahayfs,fmeriotfs@netvibes.com,Fortress Siege,REGULAR
570,wpluckft,ablaksleyft@vkontakte.ru,Mystic Quest,MALILLO
571,gmaudlenfu,tlinceyfu@patch.com,Dragon's Lair,NORMAL
572,hstrathefv,hgarrattyfv@last.fm,Wild West Shootout,REGULAR
573,nloughfw,jbubbfw@instagram.com,Alien Invasion,REGULAR
574,ibrodiefx,khallowesfx@xinhuanet.com,Pirate's Plunder,MÁQUINA
575,fspaciefy,tduhamelfy@cmu.edu,Wild West Shootout,BUENO
576,rthatchamfz,tweippertfz@fastcompany.com,Space Odyssey,DIOS
577,kslatefordg0,esesserg0@youtu.be,Medieval Mayhem,MÁQUINA
578,zlinggardg1,jkaplang1@studiopress.com,Alien Invasion,MÁQUINA
579,mredolfig2,nheddyg2@bloglovin.com,Pirate's Plunder,MÁQUINA
580,rthongerg3,ckung3@goo.gl,Wild West Shootout,BUENO
581,ncrilleyg4,emoliang4@stanford.edu,Medieval Mayhem,DIOS
582,jcomolettig5,dalwellg5@mapy.cz,Pirate's Plunder,MALILLO
583,pcondong6,nbrandg6@geocities.jp,Pirate's Plunder,MALILLO
584,ekelsellg7,abransong7@ezinearticles.com,Alien Invasion,NORMAL
585,rtommeig8,cconvilleg8@whitehouse.gov,Dragon's Lair,PAQUETE
586,mparradyeg9,mraveaug9@amazon.com,Alien Invasion,DIOS
587,kprega,edachga@google.de,Galactic Conquest,BUENO
588,lspargogb,mgreenheadgb@bravesites.com,Dragon's Lair,REGULAR
589,lmessittgc,cklimkowskigc@ezinearticles.com,Fortress Siege,PAQUETE
590,svynallgd,bsnedkergd@digg.com,Pirate's Plunder,NORMAL
591,bcostigange,bbrevetorge@cornell.edu,Wild West Shootout,BUENO
592,eanespiegf,nlevygf@spotify.com,Galactic Conquest,MALILLO
593,jceliergg,bburminghamgg@businesswire.com,Pirate's Plunder,REGULAR
594,baskeygh,tfeatherstonegh@t.co,Mystic Quest,BUENO
595,dmountlowgi,lkimmincegi@ameblo.jp,Fortress Siege,MALILLO
596,ddunhillgj,cmallochgj@drupal.org,Medieval Mayhem,MÁQUINA
597,lgobygk,tbreitlinggk@psu.edu,Alien Invasion,MALILLO
598,nstuckeygl,cingilsongl@gnu.org,Space Odyssey,NORMAL
599,tschuchmachergm,ymacakgm@narod.ru,Galactic Conquest,BUENO
600,cgwinnellgn,akuhwaldgn@biglobe.ne.jp,Pirate's Plunder,PAQUETE
601,atibbettsgo,flakego@google.it,Pirate's Plunder,MÁQUINA
602,terringtongp,vketchengp@shutterfly.com,Wild West Shootout,MÁQUINA
603,hdericotgq,echenerygq@hp.com,Cybernetic Warfare,NORMAL
604,tcohengr,livesgr@slate.com,Medieval Mayhem,MALILLO
605,jgatlandgs,gwimpeygs@netlog.com,Medieval Mayhem,PAQUETE
606,fbauntongt,rwalworchegt@ifeng.com,Galactic Conquest,MALILLO
607,ntoomeygu,crowstongu@usgs.gov,Cybernetic Warfare,PAQUETE
608,cnevillgv,lhesbrookgv@businessweek.com,Mystic Quest,MÁQUINA
609,nfarmangw,jpapachristophorougw@shop-pro.jp,Cybernetic Warfare,PAQUETE
610,cclutterbuckgx,cbontoftgx@uol.com.br,Pirate's Plunder,BUENO
611,fklainergy,vlowngy@craigslist.org,Space Odyssey,MÁQUINA
612,ddannettgz,kchalfantgz@epa.gov,Wild West Shootout,PAQUETE
613,kscreenh0,rboageyh0@wordpress.org,Pirate's Plunder,BUENO
614,bmiddlemassh1,cbalstoneh1@surveymonkey.com,Space Odyssey,BUENO
615,eelderfieldh2,kklainerh2@intel.com,Pirate's Plunder,DIOS
616,mgreganh3,areinerth3@cbslocal.com,Medieval Mayhem,MÁQUINA
617,smurisonh4,amcmenemyh4@wsj.com,Fortress Siege,NORMAL
618,mroachh5,fdavenhillh5@shareasale.com,Pirate's Plunder,REGULAR
619,bvigiettih6,nexelbyh6@sogou.com,Alien Invasion,PAQUETE
620,cjagoh7,ymerryh7@sitemeter.com,Alien Invasion,REGULAR
621,lkeitleyh8,cvalentinh8@abc.net.au,Mystic Quest,DIOS
622,eminshallh9,mwarderh9@skype.com,Medieval Mayhem,MÁQUINA
623,cboffinha,lmonginha@theatlantic.com,Wild West Shootout,MALILLO
624,vwiddisonhb,ecornbillhb@newyorker.com,Medieval Mayhem,MÁQUINA
625,bdearinghc,snibletthc@google.pl,Cybernetic Warfare,BUENO
626,ngaizehd,crainfordhd@sina.com.cn,Dragon's Lair,NORMAL
627,jperrathe,svasselhe@abc.net.au,Mystic Quest,MÁQUINA
628,abeckinsalehf,bworgenhf@stumbleupon.com,Mystic Quest,MALILLO
629,broughhg,sbilliehg@jalbum.net,Alien Invasion,MÁQUINA
630,moxenburyhh,kklimkinhh@ca.gov,Pirate's Plunder,MALILLO
631,htroyhi,jquinevanhi@webmd.com,Galactic Conquest,REGULAR
632,ikeppiehj,fbeastonhj@imdb.com,Fortress Siege,PAQUETE
633,zjirikhk,hreddishhk@ibm.com,Alien Invasion,NORMAL
634,lwoodroffehl,tdrachehl@reddit.com,Fortress Siege,PAQUETE
635,bglentzhm,rcrookeshm@businesswire.com,Dragon's Lair,PAQUETE
636,gthainhn,croushn@ed.gov,Space Odyssey,DIOS
637,hranklinho,jjacquetho@nhs.uk,Space Odyssey,NORMAL
638,cdottrellhp,mbananehp@dmoz.org,Cybernetic Warfare,MALILLO
639,sfassbindlerhq,ofrancishq@noaa.gov,Galactic Conquest,MÁQUINA
640,sszymanowiczhr,jeastmondhr@reverbnation.com,Wild West Shootout,MALILLO
641,wpulhamhs,jospillanehs@theglobeandmail.com,Wild West Shootout,MALILLO
642,atoplinght,abunsonht@myspace.com,Mystic Quest,PAQUETE
643,gvedenisovhu,chemerijkhu@usa.gov,Pirate's Plunder,REGULAR
644,cphoenixhv,kdavenhallhv@elpais.com,Galactic Conquest,MALILLO
645,nmcmarquishw,hgopsallhw@google.es,Pirate's Plunder,DIOS
646,fstoreyhx,ccayfordhx@163.com,Fortress Siege,MALILLO
647,ccaldronhy,lblackbornehy@webeden.co.uk,Dragon's Lair,MÁQUINA
648,ngallyhaockhz,vkennyhz@alibaba.com,Dragon's Lair,MÁQUINA
649,twhyberdi0,aohengertyi0@unc.edu,Medieval Mayhem,MALILLO
650,ahatcheri1,nledwitchi1@rediff.com,Mystic Quest,REGULAR
651,mrosenblumi2,cbevari2@amazonaws.com,Dragon's Lair,PAQUETE
652,aebdoni3,gculbardi3@cornell.edu,Wild West Shootout,PAQUETE
653,dcrossei4,aswaingeri4@tumblr.com,Galactic Conquest,MALILLO
654,abrownsetti5,ndowseyi5@hostgator.com,Fortress Siege,PAQUETE
655,lstuehmeieri6,dcristofolinii6@sogou.com,Mystic Quest,NORMAL
656,rhollindalei7,hhanscombei7@indiegogo.com,Wild West Shootout,REGULAR
657,sannandalei8,gscartifieldi8@newyorker.com,Alien Invasion,BUENO
658,rpefferi9,bellistoni9@businessweek.com,Galactic Conquest,DIOS
659,cvasilikia,rbrakeria@live.com,Fortress Siege,MALILLO
660,eblackib,jniceib@zdnet.com,Galactic Conquest,MÁQUINA
661,cendecottic,rbowsteadic@apple.com,Galactic Conquest,BUENO
662,vchadbourneid,nrevensid@wufoo.com,Space Odyssey,PAQUETE
663,croomsie,edavidie@state.gov,Wild West Shootout,REGULAR
664,kwareif,ibarkesif@columbia.edu,Space Odyssey,PAQUETE
665,lgreepig,njenninsig@oracle.com,Space Odyssey,NORMAL
666,lkeechih,galleburtonih@topsy.com,Space Odyssey,MALILLO
667,inisiusii,nemmaii@sun.com,Space Odyssey,REGULAR
668,cduberryij,mstranksij@icio.us,Alien Invasion,MALILLO
669,cskitteralik,lroadik@51.la,Wild West Shootout,NORMAL
670,cdellcasail,bargyleil@netvibes.com,Alien Invasion,MALILLO
671,wburdisim,rwhittickim@jiathis.com,Alien Invasion,MÁQUINA
672,cstivenin,ddoughartiein@ucoz.ru,Space Odyssey,MÁQUINA
673,sboyseio,mstebbinsio@angelfire.com,Fortress Siege,NORMAL
674,knolderip,pwittringtonip@opensource.org,Dragon's Lair,PAQUETE
675,esavidgeiq,bwalfordiq@rediff.com,Wild West Shootout,DIOS
676,lburdasir,vcobbaldir@constantcontact.com,Alien Invasion,NORMAL
677,rglaisteris,jwheadonis@google.it,Medieval Mayhem,REGULAR
678,atittletrossit,mantcliffit@deliciousdays.com,Medieval Mayhem,NORMAL
679,jchurmsiu,mkocheiu@addthis.com,Alien Invasion,DIOS
680,gtaylouriv,gmoneryiv@go.com,Medieval Mayhem,REGULAR
681,gtroddeniw,swyndhamiw@google.es,Pirate's Plunder,NORMAL
682,mfelgateix,gmunehayix@paypal.com,Pirate's Plunder,NORMAL
683,jdjokoviciy,rjirickiy@fotki.com,Mystic Quest,BUENO
684,aurliniz,echesnayiz@nih.gov,Pirate's Plunder,MÁQUINA
685,mgapperj0,jsaltj0@parallels.com,Space Odyssey,MALILLO
686,hgerrellj1,grojahnj1@amazon.co.uk,Cybernetic Warfare,REGULAR
687,mreynoldsonj2,lrousj2@twitpic.com,Mystic Quest,MÁQUINA
688,clittletonj3,hranniej3@huffingtonpost.com,Cybernetic Warfare,REGULAR
689,kmegsonj4,lruddyj4@canalblog.com,Dragon's Lair,BUENO
690,hvaunej5,acordobesj5@desdev.cn,Wild West Shootout,MÁQUINA
691,sjaeggij6,aocarrollj6@state.gov,Wild West Shootout,NORMAL
692,lhearstj7,knussiij7@nationalgeographic.com,Wild West Shootout,MALILLO
693,rstaitj8,wtebbutj8@mac.com,Dragon's Lair,MÁQUINA
694,mpetrashovj9,gsteketeej9@oaic.gov.au,Space Odyssey,MALILLO
695,evieyraja,meaggerja@businessinsider.com,Space Odyssey,NORMAL
696,amoylesjb,jdrewelljb@yandex.ru,Mystic Quest,MÁQUINA
697,rbwyjc,efaunchjc@webnode.com,Medieval Mayhem,MALILLO
698,gkarpushkinjd,drizonjd@bravesites.com,Mystic Quest,DIOS
699,hrenehanje,cphillpsje@g.co,Fortress Siege,MÁQUINA
700,bbuyjf,bbowderyjf@eventbrite.com,Cybernetic Warfare,BUENO
701,snasonjg,tprattinjg@wikispaces.com,Galactic Conquest,MALILLO
702,cbofieldjh,everbekejh@virginia.edu,Alien Invasion,PAQUETE
703,thamberstoneji,holoshinji@slate.com,Dragon's Lair,NORMAL
704,mcoushejj,fexalljj@hexun.com,Galactic Conquest,DIOS
705,jansterjk,mgaishsonjk@feedburner.com,Dragon's Lair,MALILLO
706,ssizejl,ckellegherjl@ca.gov,Cybernetic Warfare,PAQUETE
707,ckubekjm,bkarslakejm@jiathis.com,Medieval Mayhem,MALILLO
708,rmatzeitisjn,kemanuellijn@geocities.com,Pirate's Plunder,REGULAR
709,abonsalejo,kharbackjo@huffingtonpost.com,Galactic Conquest,BUENO
710,egarleejp,brodingerjp@icio.us,Space Odyssey,NORMAL
711,atrenamjq,eensleyjq@google.it,Space Odyssey,NORMAL
712,lgemmilljr,fcatojr@icio.us,Cybernetic Warfare,DIOS
713,gmaciajs,agemlbettjs@pen.io,Medieval Mayhem,DIOS
714,gdarlastonjt,gcreberjt@addthis.com,Dragon's Lair,NORMAL
715,istillgoeju,cdelgardilloju@storify.com,Cybernetic Warfare,NORMAL
716,edrinnanjv,ccroomejv@dyndns.org,Cybernetic Warfare,MÁQUINA
717,ccowerdjw,asnarrjw@techcrunch.com,Pirate's Plunder,MALILLO
718,aschefflerjx,avonhindenburgjx@netvibes.com,Medieval Mayhem,MÁQUINA
719,tkettlewelljy,gchesonjy@timesonline.co.uk,Dragon's Lair,MÁQUINA
720,cmingerjz,cpermainjz@linkedin.com,Alien Invasion,DIOS
721,tvurleyk0,fmallinderk0@jiathis.com,Pirate's Plunder,MÁQUINA
722,jjakovk1,mgaltonk1@photobucket.com,Pirate's Plunder,PAQUETE
723,celfleetk2,svasilechkok2@wsj.com,Pirate's Plunder,DIOS
724,gknightsk3,wspencookk3@china.com.cn,Pirate's Plunder,MALILLO
725,shavock4,ispencek4@telegraph.co.uk,Pirate's Plunder,NORMAL
726,kerdisk5,ccorsork5@pen.io,Cybernetic Warfare,PAQUETE
727,gnowakk6,jkershowk6@ucla.edu,Galactic Conquest,MÁQUINA
728,tbardnamk7,esellmank7@creativecommons.org,Galactic Conquest,NORMAL
729,mwaldronk8,rromaynk8@ebay.co.uk,Space Odyssey,PAQUETE
730,idaudrayk9,dcerseyk9@cornell.edu,Fortress Siege,REGULAR
731,oebbenska,mhattoeka@odnoklassniki.ru,Fortress Siege,BUENO
732,plurrimankb,jwillsheekb@mail.ru,Alien Invasion,BUENO
733,mmquhargekc,mleadeskc@engadget.com,Alien Invasion,NORMAL
734,ltregidgakd,amelliardkd@photobucket.com,Dragon's Lair,MALILLO
735,kduckhouseke,hblaikke@mac.com,Medieval Mayhem,BUENO
736,elepiscopikf,rlambirthkf@fda.gov,Pirate's Plunder,REGULAR
737,zhansiekg,llepoidevinkg@theguardian.com,Cybernetic Warfare,MALILLO
738,mdannellkh,ccahernykh@oakley.com,Dragon's Lair,NORMAL
739,ecracknallki,dwhistanki@webnode.com,Pirate's Plunder,MÁQUINA
740,klauderdalekj,hohanveykj@google.it,Pirate's Plunder,DIOS
741,estartenkk,cbalconkk@time.com,Wild West Shootout,NORMAL
742,gchicottikl,eparzizekkl@army.mil,Galactic Conquest,REGULAR
743,aohannaykm,rgaykm@is.gd,Alien Invasion,BUENO
744,bpaolottokn,dellumkn@smh.com.au,Wild West Shootout,MALILLO
745,mvanbaarenko,msemradko@posterous.com,Mystic Quest,MALILLO
746,bchattoekp,tcurtaynekp@dell.com,Dragon's Lair,NORMAL
747,elebondkq,wlethbridgekq@hibu.com,Mystic Quest,MÁQUINA
748,gtomleykr,ielsipkr@oakley.com,Space Odyssey,REGULAR
749,eciccottoks,gcucheyks@mapy.cz,Cybernetic Warfare,MÁQUINA
750,jceriekt,uskimkt@java.com,Space Odyssey,REGULAR
751,bboolsku,wterreyku@disqus.com,Mystic Quest,PAQUETE
752,bwarrinerkv,lantonaccikv@gravatar.com,Pirate's Plunder,REGULAR
753,tadlardkw,lcorneillekw@un.org,Mystic Quest,REGULAR
754,dhantonkx,kwoodrooffekx@deliciousdays.com,Space Odyssey,NORMAL
755,hkovnotky,sjennensky@imageshack.us,Wild West Shootout,NORMAL
756,nmulhallkz,twrankmorekz@phoca.cz,Dragon's Lair,BUENO
757,rganniclifftl0,cmunksl0@netvibes.com,Medieval Mayhem,NORMAL
758,tmattial1,tbradlyl1@privacy.gov.au,Galactic Conquest,MALILLO
759,mcluel2,ashuttel2@cornell.edu,Mystic Quest,MALILLO
760,ghiersl3,acuzenl3@ezinearticles.com,Mystic Quest,PAQUETE
761,ttrudgeonl4,eohearl4@meetup.com,Pirate's Plunder,MÁQUINA
762,dwoolastonl5,mloyndonl5@spotify.com,Alien Invasion,BUENO
763,lscogingsl6,adowntonl6@stanford.edu,Cybernetic Warfare,DIOS
764,vdundonl7,ghendriksel7@jugem.jp,Pirate's Plunder,BUENO
765,syouthedl8,hpiscullil8@vistaprint.com,Pirate's Plunder,REGULAR
766,gkittell9,emiddletonl9@wikipedia.org,Mystic Quest,DIOS
767,pscholfieldla,olunela@tinyurl.com,Cybernetic Warfare,BUENO
768,aboycelb,rnorthcottlb@dailymail.co.uk,Galactic Conquest,DIOS
769,jdanetlc,fwikeylc@slideshare.net,Pirate's Plunder,NORMAL
770,kburtenshawld,mslimonld@baidu.com,Cybernetic Warfare,REGULAR
771,tcollifordle,ssieghardle@hc360.com,Wild West Shootout,MALILLO
772,dkerinlf,jpassbylf@furl.net,Pirate's Plunder,REGULAR
773,rellinorlg,ctordiffelg@ameblo.jp,Dragon's Lair,PAQUETE
774,tmarkeylh,welderidgelh@bing.com,Fortress Siege,NORMAL
775,rpasheli,bgriffitheli@alibaba.com,Space Odyssey,NORMAL
776,rteapelj,dduleylj@mail.ru,Dragon's Lair,DIOS
777,ocauleylk,lbredelk@google.nl,Pirate's Plunder,NORMAL
778,jdoublell,aratledgell@globo.com,Fortress Siege,MALILLO
779,scarvillalm,jolivilm@state.tx.us,Galactic Conquest,NORMAL
780,mgoodburnln,cknuttonln@stanford.edu,Pirate's Plunder,PAQUETE
781,aspellardlo,lbabinskilo@redcross.org,Cybernetic Warfare,MÁQUINA
782,rmetschkelp,sdugmorelp@goo.gl,Galactic Conquest,MÁQUINA
783,rknibbslq,gwoodrufflq@adobe.com,Fortress Siege,REGULAR
784,crainsdenlr,vtidgewelllr@washingtonpost.com,Mystic Quest,REGULAR
785,wlourensls,spaviourls@rambler.ru,Pirate's Plunder,BUENO
786,clandlt,mfliegerlt@ucla.edu,Galactic Conquest,MALILLO
787,wshackesbylu,adurtnelllu@yolasite.com,Mystic Quest,REGULAR
788,athamelv,jbaldellilv@163.com,Space Odyssey,REGULAR
789,rjardinelw,lcrispelw@ask.com,Dragon's Lair,REGULAR
790,cgrigorlx,cpeaklx@fotki.com,Cybernetic Warfare,MALILLO
791,amatteoly,rlaphornly@google.com.br,Alien Invasion,MALILLO
792,ldrohanelz,wantonaccilz@myspace.com,Space Odyssey,REGULAR
793,ebouldenm0,hburnsellm0@dmoz.org,Wild West Shootout,MALILLO
794,eshortallm1,dspearesm1@chicagotribune.com,Wild West Shootout,NORMAL
795,sjuzam2,dbowdreym2@telegraph.co.uk,Dragon's Lair,REGULAR
796,fritchm3,llinchm3@marketwatch.com,Space Odyssey,DIOS
797,pliversedgem4,bizzatm4@soundcloud.com,Galactic Conquest,PAQUETE
798,dluetchfordm5,kshorrockm5@foxnews.com,Medieval Mayhem,DIOS
799,aedmettm6,bakkerm6@archive.org,Fortress Siege,DIOS
800,gtignerm7,erubinowitschm7@pbs.org,Space Odyssey,DIOS
801,mtearnym8,rmilanm8@nyu.edu,Alien Invasion,PAQUETE
802,gvautierm9,cpoulstonm9@ycombinator.com,Galactic Conquest,BUENO
803,msattinma,epashema@jimdo.com,Wild West Shootout,PAQUETE
804,jklempsmb,wdizliemb@cbslocal.com,Galactic Conquest,NORMAL
805,shurlingmc,awalburnmc@oracle.com,Wild West Shootout,REGULAR
806,ptimmensmd,jshalcrasmd@themeforest.net,Pirate's Plunder,MALILLO
807,tnobesme,ccisarme@merriam-webster.com,Wild West Shootout,REGULAR
808,acatchpolemf,wcasalimf@illinois.edu,Wild West Shootout,DIOS
809,mgricksmg,atomaellomg@nsw.gov.au,Cybernetic Warfare,MÁQUINA
810,pspehrmh,dgerredmh@seesaa.net,Wild West Shootout,PAQUETE
811,fmckainmi,ndollinmi@zimbio.com,Medieval Mayhem,DIOS
812,myarntonmj,eslippermj@va.gov,Fortress Siege,MÁQUINA
813,cmathonnetmk,dkarlemk@cloudflare.com,Medieval Mayhem,BUENO
814,vkirvinml,tbartlomiejml@house.gov,Wild West Shootout,MÁQUINA
815,lrodliffmm,bjutsonmm@omniture.com,Pirate's Plunder,REGULAR
816,oianiellomn,rdurninmn@ovh.net,Medieval Mayhem,REGULAR
817,dastletmo,nparkhousemo@ebay.com,Galactic Conquest,MALILLO
818,pdecourtneymp,cleggenmp@weather.com,Pirate's Plunder,BUENO
819,stilleymq,jpratenmq@ucoz.com,Dragon's Lair,MALILLO
820,bmcalarneymr,jrapermr@liveinternet.ru,Mystic Quest,MÁQUINA
821,owallbankms,pwiltonms@chronoengine.com,Cybernetic Warfare,REGULAR
822,sboyackmt,phookemt@moonfruit.com,Wild West Shootout,BUENO
823,oquinneymu,ledmedmu@princeton.edu,Medieval Mayhem,DIOS
824,rliddicoatmv,pfosdykemv@auda.org.au,Fortress Siege,DIOS
825,vbachmanmw,asheklemw@eventbrite.com,Mystic Quest,MALILLO
826,csteuhlmeyermx,hlemeriemx@forbes.com,Wild West Shootout,NORMAL
827,flillimanmy,esevernsmy@uol.com.br,Pirate's Plunder,PAQUETE
828,caxemz,cwinterfloodmz@opera.com,Cybernetic Warfare,DIOS
829,cemersonn0,cdawtren0@wp.com,Cybernetic Warfare,DIOS
830,phannayn1,lkissickn1@360.cn,Cybernetic Warfare,PAQUETE
831,oaguilarn2,cspinagen2@umn.edu,Galactic Conquest,PAQUETE
832,clisamoren3,mthalmannn3@tuttocitta.it,Cybernetic Warfare,MÁQUINA
833,aimbreyn4,hprettin4@netvibes.com,Cybernetic Warfare,DIOS
834,lfrancn5,swalasn5@earthlink.net,Fortress Siege,MÁQUINA
835,ujarrittn6,iguillen6@utexas.edu,Medieval Mayhem,MALILLO
836,hcasserlyn7,ljollandn7@huffingtonpost.com,Fortress Siege,NORMAL
837,gvalentinen8,anielsonn8@redcross.org,Pirate's Plunder,BUENO
838,rbootsn9,bfyrthn9@examiner.com,Cybernetic Warfare,MÁQUINA
839,gdillandna,mhamsleyna@aboutads.info,Medieval Mayhem,REGULAR
840,rchamberlennb,jsandlandnb@tripod.com,Space Odyssey,MALILLO
841,tjovicevicnc,jhedderlync@discovery.com,Fortress Siege,NORMAL
842,mduckernd,kdeetlefsnd@feedburner.com,Space Odyssey,MALILLO
843,scathrallne,kfeakene@ebay.co.uk,Fortress Siege,MALILLO
844,omizzennf,sjarrattnf@nsw.gov.au,Wild West Shootout,REGULAR
845,smummeryng,agarretsonng@cam.ac.uk,Fortress Siege,DIOS
846,rmylchreestnh,tvardennh@ning.com,Wild West Shootout,DIOS
847,pbattingni,sgoneyni@aol.com,Galactic Conquest,MÁQUINA
848,jcassellanj,dgossannj@yelp.com,Fortress Siege,PAQUETE
849,wmatthausnk,hantalffynk@zimbio.com,Space Odyssey,MÁQUINA
850,sropsnl,mstanningnl@blogs.com,Medieval Mayhem,BUENO
851,zmateuszczyknm,amckinnonnm@booking.com,Mystic Quest,MÁQUINA
852,spratleynn,lmaddoxnn@dot.gov,Space Odyssey,BUENO
853,ngrinawayno,klabbeyno@ezinearticles.com,Dragon's Lair,REGULAR
854,rmoffatnp,spetrushankonp@mtv.com,Alien Invasion,DIOS
855,fkerseynq,bivkovicnq@indiatimes.com,Dragon's Lair,NORMAL
856,nlowcocknr,agumbnr@nymag.com,Alien Invasion,MALILLO
857,lgeekinns,cspenderns@dot.gov,Fortress Siege,DIOS
858,clafeent,psorrellnt@ustream.tv,Space Odyssey,NORMAL
859,bboughtwoodnu,demmnu@jugem.jp,Fortress Siege,DIOS
860,jridgersnv,kwhifenv@edublogs.org,Wild West Shootout,PAQUETE
861,dtwydellnw,nconeaunw@globo.com,Cybernetic Warfare,DIOS
862,mkillennx,bfiguresnx@wix.com,Alien Invasion,MALILLO
863,kaddioniziony,ksimnelny@adobe.com,Mystic Quest,MALILLO
864,epipworthnz,rjobeynz@adobe.com,Wild West Shootout,BUENO
865,tvandersono0,htopeso0@scribd.com,Pirate's Plunder,DIOS
866,dcallero1,joddo1@ox.ac.uk,Cybernetic Warfare,DIOS
867,amoyero2,ajohnseyo2@unblog.fr,Wild West Shootout,MALILLO
868,agendricho3,dferrano3@moonfruit.com,Space Odyssey,BUENO
869,kindo4,sworrello4@blogs.com,Mystic Quest,MÁQUINA
870,lharmestono5,gconroyo5@nba.com,Medieval Mayhem,BUENO
871,pmoutrayreado6,eodello6@usda.gov,Wild West Shootout,MALILLO
872,cisabello7,pmcgillegholeo7@wisc.edu,Medieval Mayhem,MÁQUINA
873,oclaraeo8,mbunyano8@npr.org,Space Odyssey,MALILLO
874,sredihougho9,mcaffino9@yelp.com,Medieval Mayhem,NORMAL
875,yclemoesoa,wgametoa@state.tx.us,Alien Invasion,PAQUETE
876,nwestcottob,ksimonettiob@buzzfeed.com,Wild West Shootout,REGULAR
877,rraveloc,jgouneloc@bandcamp.com,Medieval Mayhem,NORMAL
878,sskipponod,ctabardod@geocities.jp,Mystic Quest,DIOS
879,fburroughesoe,senticottoe@thetimes.co.uk,Dragon's Lair,REGULAR
880,mdavidoviczof,rdelaguaof@nhs.uk,Dragon's Lair,PAQUETE
881,tyukhnevichog,mtierneyog@wired.com,Mystic Quest,REGULAR
882,bvannucciniioh,mpacquetoh@wikispaces.com,Galactic Conquest,PAQUETE
883,ehufferoi,fmatthiesonoi@independent.co.uk,Mystic Quest,MALILLO
884,mtapleyoj,gvasseroj@weather.com,Alien Invasion,MÁQUINA
885,afiddianok,cmalyanok@studiopress.com,Space Odyssey,PAQUETE
886,shollowsol,jcardnool@vkontakte.ru,Space Odyssey,DIOS
887,ipottenom,ielacoateom@cnbc.com,Fortress Siege,BUENO
888,kcontion,lcastaneon@163.com,Dragon's Lair,MÁQUINA
889,eseawardoo,ajeavesoo@cam.ac.uk,Dragon's Lair,PAQUETE
890,jyakobovitzop,kpetscheltop@theglobeandmail.com,Mystic Quest,REGULAR
891,ssawnwyoq,wfacheoq@mit.edu,Medieval Mayhem,MALILLO
892,dduffellor,jdemogeotor@blog.com,Wild West Shootout,REGULAR
893,rduttonos,eolleos@e-recht24.de,Fortress Siege,MÁQUINA
894,cpythonot,eteligaot@artisteer.com,Galactic Conquest,PAQUETE
895,ithompstoneou,gpamplingou@salon.com,Alien Invasion,NORMAL
896,atravissov,aaburrowov@wisc.edu,Space Odyssey,DIOS
897,tmatasovow,ahearndenow@seattletimes.com,Galactic Conquest,MÁQUINA
898,cmarklundox,esherlandox@va.gov,Pirate's Plunder,PAQUETE
899,jleifoy,gfidockoy@mit.edu,Fortress Siege,MÁQUINA
900,jgawnoz,bmacyoz@state.tx.us,Mystic Quest,DIOS
901,dcollifordp0,abidgoodp0@utexas.edu,Fortress Siege,MALILLO
902,lpedreschip1,blobbp1@bloomberg.com,Alien Invasion,DIOS
903,rcracknallp2,kantonnikovp2@nih.gov,Medieval Mayhem,MALILLO
904,klemarchandp3,ecreiganp3@php.net,Medieval Mayhem,MÁQUINA
905,tbraxayp4,mperaccop4@upenn.edu,Medieval Mayhem,PAQUETE
906,mrytonp5,bscreatonp5@alexa.com,Pirate's Plunder,DIOS
907,bshoebridgep6,fconradsenp6@cocolog-nifty.com,Space Odyssey,MALILLO
908,nbarlassp7,tedwinp7@sciencedaily.com,Wild West Shootout,MÁQUINA
909,hrasep8,dmenendesp8@fc2.com,Galactic Conquest,MÁQUINA
910,bsearchp9,jrudwellp9@so-net.ne.jp,Galactic Conquest,BUENO
911,rsmalridgepa,dsabaterpa@gravatar.com,Cybernetic Warfare,PAQUETE
912,lcossinspb,trossonpb@illinois.edu,Medieval Mayhem,MALILLO
913,mrosenwasserpc,aklinckpc@behance.net,Alien Invasion,MALILLO
914,tbelliardpd,gpendleburypd@npr.org,Galactic Conquest,REGULAR
915,lmuatpe,jlosebype@wunderground.com,Alien Invasion,MALILLO
916,sfronzekpf,lhannabypf@diigo.com,Wild West Shootout,MALILLO
917,ddabornpg,pdengatepg@mit.edu,Space Odyssey,PAQUETE
918,cwahnckeph,scankettph@scribd.com,Alien Invasion,BUENO
919,hboocockpi,kverdonpi@squarespace.com,Alien Invasion,MÁQUINA
920,tjansenspj,ahirschmannpj@usnews.com,Wild West Shootout,MÁQUINA
921,dtornspk,hbaisepk@pen.io,Fortress Siege,DIOS
922,ccrombpl,rquigleypl@example.com,Fortress Siege,NORMAL
923,svasiltsovpm,npennicardpm@php.net,Medieval Mayhem,MÁQUINA
924,edanihelkapn,nmeagherpn@psu.edu,Dragon's Lair,NORMAL
925,adamperpo,halburypo@domainmarket.com,Pirate's Plunder,MALILLO
926,mcrossanpp,rfawkspp@java.com,Fortress Siege,MALILLO
927,dscholefieldpq,meallespq@archive.org,Space Odyssey,PAQUETE
928,sgilepr,hbeckinsallpr@cocolog-nifty.com,Alien Invasion,DIOS
929,bfieldenps,gstevenps@myspace.com,Dragon's Lair,PAQUETE
930,pfraniakpt,ldulwitchpt@soundcloud.com,Medieval Mayhem,DIOS
931,cmoulinpu,wpalmerpu@blinklist.com,Cybernetic Warfare,REGULAR
932,cgowthroppv,fburnepv@cnbc.com,Cybernetic Warfare,MALILLO
933,pspottiswoodpw,fchampkinpw@naver.com,Space Odyssey,MALILLO
934,cgallacherpx,kchasonpx@squarespace.com,Fortress Siege,REGULAR
935,pplayhillpy,habrianipy@miitbeian.gov.cn,Mystic Quest,PAQUETE
936,mcodemanpz,kbriggdalepz@examiner.com,Dragon's Lair,PAQUETE
937,nbertelsenq0,cbarchrameevq0@businesswire.com,Cybernetic Warfare,BUENO
938,gkloisnerq1,hbartosekq1@slideshare.net,Pirate's Plunder,PAQUETE
939,tcurnnokq2,mfillaryq2@360.cn,Fortress Siege,MÁQUINA
940,ffairlawq3,uridingsq3@alibaba.com,Wild West Shootout,REGULAR
941,fvareyq4,breichhardtq4@webnode.com,Galactic Conquest,REGULAR
942,hhollyerq5,ksimnelq5@ucsd.edu,Mystic Quest,MÁQUINA
943,bbatsfordq6,praveauq6@toplist.cz,Wild West Shootout,MALILLO
944,oellingfordq7,cmorlandq7@discuz.net,Mystic Quest,NORMAL
945,timpletonq8,cseelyq8@cnn.com,Dragon's Lair,PAQUETE
946,abansalq9,spratteq9@opera.com,Wild West Shootout,REGULAR
947,hedgecumbeqa,mburnsallqa@ovh.net,Pirate's Plunder,REGULAR
948,gkleinfeldqb,ccharonqb@pinterest.com,Pirate's Plunder,MALILLO
949,nmaryqc,tmattingleyqc@wikia.com,Space Odyssey,DIOS
950,eweinsqd,rbampkinqd@wufoo.com,Wild West Shootout,REGULAR
951,ltumiotoqe,lrobillartqe@army.mil,Medieval Mayhem,MALILLO
952,mmouginqf,rdartanqf@ed.gov,Wild West Shootout,MALILLO
953,tcallumqg,rbasillonqg@skype.com,Fortress Siege,DIOS
954,htreenqh,mfurmingerqh@1und1.de,Space Odyssey,MALILLO
955,playbournqi,dfraneyqi@answers.com,Mystic Quest,PAQUETE
956,jpauleauqj,kboldryqj@parallels.com,Dragon's Lair,REGULAR
957,cmcwhinneyqk,zgwinqk@barnesandnoble.com,Space Odyssey,MALILLO
958,skloserql,corltonql@elpais.com,Medieval Mayhem,MALILLO
959,chatcherqm,fellwoodqm@google.com,Space Odyssey,MALILLO
960,cgouninqn,trivalqn@earthlink.net,Alien Invasion,REGULAR
961,eweippertqo,rhubatschqo@sciencedirect.com,Fortress Siege,BUENO
962,clockieqp,tslesserqp@marketwatch.com,Cybernetic Warfare,PAQUETE
963,cwraighteqq,scasarinoqq@4shared.com,Medieval Mayhem,MALILLO
964,iaitkinqr,ichasmarqr@over-blog.com,Galactic Conquest,BUENO
965,ewillattsqs,tbuddleqs@mozilla.com,Wild West Shootout,DIOS
966,pbigglestoneqt,fmallanqt@nba.com,Dragon's Lair,BUENO
967,warondelqu,achrismasqu@mac.com,Galactic Conquest,REGULAR
968,rfilsonqv,hdomeganqv@wordpress.org,Cybernetic Warfare,PAQUETE
969,sbuntineqw,mhadlingtonqw@skyrock.com,Mystic Quest,DIOS
970,nkainqx,washingtonqx@usgs.gov,Galactic Conquest,PAQUETE
971,klongoqy,cmontroseqy@woothemes.com,Wild West Shootout,DIOS
972,bcartmaleqz,cbowmakerqz@comcast.net,Mystic Quest,REGULAR
973,nmakinsonr0,bbambrar0@ovh.net,Wild West Shootout,REGULAR
974,bmarchir1,amccoolr1@4shared.com,Space Odyssey,BUENO
975,dwodelandr2,rpickavancer2@ucoz.ru,Medieval Mayhem,BUENO
976,llammier3,jtropmanr3@comsenz.com,Alien Invasion,DIOS
977,abraveyr4,shenkensr4@uiuc.edu,Fortress Siege,MÁQUINA
978,ygiblettr5,aryler5@woothemes.com,Pirate's Plunder,MALILLO
979,proathr6,lgoodinger6@tuttocitta.it,Medieval Mayhem,BUENO
980,gstanluckr7,rruosr7@nydailynews.com,Fortress Siege,DIOS
981,kscrinager8,cshevlinr8@twitter.com,Fortress Siege,BUENO
982,tdownier9,pbartusekr9@flickr.com,Fortress Siege,PAQUETE
983,ebegginira,brougera@addtoany.com,Pirate's Plunder,MÁQUINA
984,leddyrb,aoreillyrb@time.com,Pirate's Plunder,REGULAR
985,fsharmanrc,aolahyrc@blogs.com,Alien Invasion,MÁQUINA
986,lwoodyearerd,lshulverrd@noaa.gov,Alien Invasion,DIOS
987,rheinricire,mlangrishre@homestead.com,Alien Invasion,PAQUETE
988,sharmrf,efridayrf@msu.edu,Alien Invasion,PAQUETE
989,ftarterg,rcammockrg@nsw.gov.au,Fortress Siege,BUENO
990,singerrh,cmcchesneyrh@utexas.edu,Galactic Conquest,DIOS
991,scammiemileri,jvandenveldenri@tripod.com,Dragon's Lair,BUENO
992,eburrilrj,jparadinerj@buzzfeed.com,Pirate's Plunder,REGULAR
993,etruderk,hoverelrk@gmpg.org,Wild West Shootout,BUENO
994,chendrikrl,gbassilrl@utexas.edu,Galactic Conquest,DIOS
995,ttearlerm,ndanaherrm@altervista.org,Space Odyssey,NORMAL
996,rcabralrn,jplumtreern@who.int,Cybernetic Warfare,BUENO
997,lbeddingro,glattimorero@cdbaby.com,Pirate's Plunder,DIOS
998,ldivineyrp,mladlowrp@devhub.com,Pirate's Plunder,PAQUETE
999,nkittoerq,vburlingrq@earthlink.net,Mystic Quest,BUENO
1000,sseelbachrr,kbirchrr@google.es,Fortress Siege,MALILLO
